{"very easy": 0.0, "easy": 0.18969275570670296, "neutral": 0.35131657758634227, "difficult": 0.5880268389141909, "very difficult": 0.8111511532380951}